{
  "full_audit": {
    "incorrectness": {
      "auroc": 0.6964842597665304,
      "ci": [
        0.661684712052381,
        0.7341278112667425
      ]
    },
    "soft_raw": {
      "auroc": 0.6510388132664672,
      "ci": [
        0.6108432883456534,
        0.695116994145903
      ]
    },
    "soft_intended": {
      "auroc": 0.3489611867335328,
      "ci": [
        0.304883005854097,
        0.38915671165434657
      ]
    },
    "nli_n_unsup": {
      "auroc": 0.5688556197058452,
      "ci": [
        0.5234008366761487,
        0.6151615454712509
      ]
    },
    "nli_mean_ent": {
      "auroc": 0.4930886257322264,
      "ci": [
        0.44707417286210144,
        0.5384366544673498
      ]
    },
    "dag_lin": {
      "auroc": 0.5303426187365671,
      "ci": [
        0.4831317612512838,
        0.5766194894675749
      ]
    },
    "dag_maxlb": {
      "auroc": 0.542727253571579,
      "ci": [
        0.4958318513699691,
        0.5878053162982103
      ]
    },
    "interventions": {
      "auroc": 0.6258481183362131,
      "ci": [
        0.5831093295266869,
        0.6704562622139938
      ]
    }
  },
  "incorrect_regime": {
    "incorrectness": {
      "auroc": 0.5,
      "ci": [
        0.5,
        0.5
      ]
    },
    "soft_raw": {
      "auroc": 0.530446324871412,
      "ci": [
        0.46201321567876313,
        0.5975378568736692
      ]
    },
    "soft_intended": {
      "auroc": 0.46955367512858803,
      "ci": [
        0.4024621431263308,
        0.5379867843212368
      ]
    },
    "nli_n_unsup": {
      "auroc": 0.5405121398152757,
      "ci": [
        0.47620985770798635,
        0.6081080659536541
      ]
    },
    "nli_mean_ent": {
      "auroc": 0.5180576295558874,
      "ci": [
        0.4515099261579894,
        0.5864848950919691
      ]
    },
    "dag_lin": {
      "auroc": 0.47010674188374535,
      "ci": [
        0.4020687513197527,
        0.5377331535293559
      ]
    },
    "dag_maxlb": {
      "auroc": 0.4932249322493225,
      "ci": [
        0.4243796245696341,
        0.5613272580555401
      ]
    },
    "interventions": {
      "auroc": 0.48111277031137656,
      "ci": [
        0.4082768157768158,
        0.5490991294176488
      ]
    }
  },
  "correct_regime": {
    "incorrectness": {
      "auroc": 0.5,
      "ci": [
        0.5,
        0.5
      ]
    },
    "soft_raw": {
      "auroc": 0.6667445992705509,
      "ci": [
        0.5923109829525809,
        0.7360210263313243
      ]
    },
    "soft_intended": {
      "auroc": 0.33325540072944915,
      "ci": [
        0.26397897366867573,
        0.40768901704741894
      ]
    },
    "nli_n_unsup": {
      "auroc": 0.6258767417936968,
      "ci": [
        0.5556947112772009,
        0.6956173886924283
      ]
    },
    "nli_mean_ent": {
      "auroc": 0.5242214532871973,
      "ci": [
        0.44997609344024764,
        0.6006654340739329
      ]
    },
    "dag_lin": {
      "auroc": 0.535022912185542,
      "ci": [
        0.46171860508610846,
        0.608614273091352
      ]
    },
    "dag_maxlb": {
      "auroc": 0.561769381838586,
      "ci": [
        0.4909027656613493,
        0.6342840838117658
      ]
    },
    "interventions": {
      "auroc": 0.6591227906106799,
      "ci": [
        0.5884051429929992,
        0.72993951768598
      ]
    }
  },
  "inversion_correct_regime": {
    "mean_diff": 0.1755695491655483
  }
}