{
  "model": "llama",
  "nperm": 200,
  "obs_layer_mean": 0.6157242063492063,
  "p_layer_mean": 0.009950248756218905,
  "obs_best": 0.6944444444444445,
  "best_layer": 25,
  "p_best": 0.04975124378109453,
  "null_mean_quantiles": {
    "p50": 0.5039775545634921,
    "p95": 0.5928850446428573,
    "p99": 0.6073898809523809
  },
  "per_layer_obs": [
    0.39742063492063495,
    0.6063492063492063,
    0.5706349206349206,
    0.6198412698412699,
    0.5996031746031746,
    0.6321428571428571,
    0.5416666666666666,
    0.6136904761904762,
    0.6220238095238095,
    0.6113095238095239,
    0.5759920634920634,
    0.5962301587301587,
    0.5503968253968254,
    0.5863095238095238,
    0.6345238095238095,
    0.6468253968253969,
    0.6511904761904762,
    0.6390873015873015,
    0.6285714285714286,
    0.5593253968253968,
    0.6436507936507937,
    0.6136904761904761,
    0.6505952380952382,
    0.6601190476190476,
    0.6708333333333333,
    0.6944444444444445,
    0.653968253968254,
    0.6492063492063492,
    0.6712301587301587,
    0.6101190476190476,
    0.6422619047619047,
    0.6599206349206349
  ]
}