{
  "model": "llama",
  "n_layers_shared": 32,
  "n": {
    "synthetic": 458,
    "hint": 613,
    "faithcot": 144
  },
  "n_posthoc": {
    "synthetic": 229,
    "hint": 185,
    "faithcot": 84
  },
  "own_best": {
    "synthetic": {
      "layer": 9,
      "cv": 0.7698365782498426
    },
    "hint": {
      "layer": 17,
      "cv": 0.7327986865370043
    },
    "faithcot": {
      "layer": 29,
      "cv": 0.7015873015873016
    }
  },
  "curves": {
    "synthetic": [
      0.47070040617074427,
      0.6415590854484087,
      0.6812799145706603,
      0.6919967201235675,
      0.7378959211304132,
      0.7421292500143017,
      0.7186171125645964,
      0.7420529738181958,
      0.7464197860452699,
      0.7698365782498426,
      0.7541046128029595,
      0.7435975667893442,
      0.7356076352472303,
      0.7342346637173205,
      0.7306115444022807,
      0.7090253809042543,
      0.6984039205964798,
      0.7070994069525753,
      0.7029804923628459,
      0.7023130756469175,
      0.6993764420968326,
      0.6971072252626762,
      0.6825956789534906,
      0.6832249575713658,
      0.6840449266795064,
      0.6878587364848114,
      0.690089815220915,
      0.6894986747010927,
      0.6797162525504854,
      0.6887740508380847,
      0.6788581453442918,
      0.6640033561526286
    ],
    "hint": [
      0.6404142460217228,
      0.6536499115938368,
      0.662111644354635,
      0.668489517554938,
      0.6691209901490275,
      0.7009345794392524,
      0.7009093205354887,
      0.6929148774943168,
      0.7179843394796666,
      0.7172518312705229,
      0.71694872442536,
      0.7175801970194493,
      0.7274311694872443,
      0.7264081838848195,
      0.7278732003031068,
      0.7320661783278606,
      0.7304117201313463,
      0.7327986865370043,
      0.7281131598888609,
      0.7189568072745642,
      0.717428643596868,
      0.7180853750947209,
      0.7166835059358424,
      0.7174160141449861,
      0.7150290477393282,
      0.7132861833796413,
      0.7108865875221017,
      0.707514523869664,
      0.7167340237433695,
      0.7121495327102805,
      0.7076787067441275,
      0.7105203334175297
    ],
    "faithcot": [
      0.567857142857143,
      0.46865079365079365,
      0.5257936507936508,
      0.5384920634920635,
      0.6180555555555556,
      0.6676587301587301,
      0.5753968253968254,
      0.6553571428571429,
      0.5676587301587301,
      0.594047619047619,
      0.5279761904761905,
      0.5763888888888888,
      0.5658730158730159,
      0.6275793650793651,
      0.5867063492063492,
      0.6625,
      0.675595238095238,
      0.6521825396825397,
      0.691468253968254,
      0.6726190476190477,
      0.6464285714285715,
      0.6412698412698413,
      0.6748015873015873,
      0.6515873015873016,
      0.6906746031746032,
      0.6718253968253968,
      0.6736111111111112,
      0.6791666666666666,
      0.6904761904761905,
      0.7015873015873016,
      0.7005952380952382,
      0.6444444444444444
    ]
  },
  "transfers": {
    "synthetic->hint": {
      "best": 0.6505304369790351,
      "best_layer": 13,
      "mean": 0.6268119316746653
    },
    "synthetic->faithcot": {
      "best": 0.5307539682539683,
      "best_layer": 1,
      "mean": 0.43092757936507936
    },
    "hint->synthetic": {
      "best": 0.648976945519727,
      "best_layer": 4,
      "mean": 0.6050376852081387
    },
    "hint->faithcot": {
      "best": 0.6944444444444445,
      "best_layer": 25,
      "mean": 0.6157242063492063
    },
    "faithcot->synthetic": {
      "best": 0.5541084266127648,
      "best_layer": 3,
      "mean": 0.47597001868766803
    },
    "faithcot->hint": {
      "best": 0.626559737307401,
      "best_layer": 13,
      "mean": 0.5122584617327608
    }
  }
}