{
  "model": "qwen",
  "nperm": 200,
  "obs_layer_mean": 0.48350610085303963,
  "p_layer_mean": 0.7412935323383084,
  "obs_best": 0.5827664399092971,
  "best_layer": 19,
  "p_best": 0.6517412935323383,
  "null_mean_quantiles": {
    "p50": 0.5039592556599359,
    "p95": 0.5518909944930352,
    "p99": 0.5680821905481768
  },
  "per_layer_obs": [
    0.5162509448223734,
    0.5313681027966742,
    0.5389266817838246,
    0.5311161501637692,
    0.5049130763416478,
    0.4169816074577979,
    0.4847568657092467,
    0.5124716553287981,
    0.47770219198790626,
    0.455026455026455,
    0.44570420760896956,
    0.42252456538170824,
    0.4288233812043336,
    0.45326278659611996,
    0.44973544973544977,
    0.49407911312673225,
    0.44721592340639965,
    0.5013857394809775,
    0.5679012345679012,
    0.5827664399092971,
    0.545981355505165,
    0.5149911816578483,
    0.4623330813807004,
    0.43638196019148395,
    0.4459561602418745,
    0.44217687074829937,
    0.4494834971025447,
    0.47795414462081137
  ]
}