{
  "model": "qwen",
  "n_layers_shared": 28,
  "n": {
    "synthetic": 554,
    "hint": 534,
    "faithcot": 126
  },
  "n_posthoc": {
    "synthetic": 277,
    "hint": 70,
    "faithcot": 63
  },
  "own_best": {
    "synthetic": {
      "layer": 10,
      "cv": 0.7577578229873972
    },
    "hint": {
      "layer": 21,
      "cv": 0.8322660098522168
    },
    "faithcot": {
      "layer": 22,
      "cv": 0.6165280927185689
    }
  },
  "curves": {
    "synthetic": [
      0.6333459317858958,
      0.6949784305803542,
      0.6954215485670345,
      0.7057826897261792,
      0.7111913357400723,
      0.7351457727847358,
      0.7552815754147714,
      0.7310925464948064,
      0.7443209216854122,
      0.7444903491509078,
      0.7577578229873972,
      0.7572886392367943,
      0.7422356605716222,
      0.734676589034133,
      0.7222301867611984,
      0.7230512583247533,
      0.7197409063066116,
      0.7133156954997458,
      0.7165348173441592,
      0.7013124112134916,
      0.719362952729737,
      0.7198191035983786,
      0.7199494324179905,
      0.718450650992454,
      0.7124685581722687,
      0.7118560127200928,
      0.7055089992049941,
      0.7081807400070377
    ],
    "hint": [
      0.772783251231527,
      0.7777093596059114,
      0.7519088669950739,
      0.7683805418719212,
      0.7545874384236453,
      0.7914408866995075,
      0.7790332512315271,
      0.7748768472906404,
      0.7616379310344829,
      0.7700123152709359,
      0.7586514778325124,
      0.7751539408866995,
      0.7673029556650247,
      0.7867302955665025,
      0.8124692118226601,
      0.8141317733990148,
      0.8181650246305419,
      0.8165332512315271,
      0.8111145320197045,
      0.7890701970443349,
      0.7986145320197044,
      0.8322660098522168,
      0.8142857142857143,
      0.8273706896551724,
      0.8140394088669952,
      0.8131157635467979,
      0.8084975369458128,
      0.7878694581280788
    ],
    "faithcot": [
      0.48475686570924675,
      0.5185185185185185,
      0.5197782816830435,
      0.5159989921894683,
      0.5434618291761149,
      0.5502645502645502,
      0.5797430083144368,
      0.4920634920634921,
      0.54522549760645,
      0.46888384983623077,
      0.5134794658604183,
      0.5802469135802469,
      0.5507684555303602,
      0.562862181909801,
      0.5351473922902494,
      0.4998740236835475,
      0.5258251448727639,
      0.5978835978835979,
      0.5951121189216428,
      0.579994960947342,
      0.601914840010078,
      0.6064499874023683,
      0.6165280927185689,
      0.5684051398337112,
      0.565129755605946,
      0.5525321239606953,
      0.545477450239355,
      0.5573192239858907
    ]
  },
  "transfers": {
    "synthetic->hint": {
      "best": 0.6411637931034483,
      "best_layer": 18,
      "mean": 0.5816634412385644
    },
    "synthetic->faithcot": {
      "best": 0.5787351977828169,
      "best_layer": 26,
      "mean": 0.5145952560918549
    },
    "hint->synthetic": {
      "best": 0.5989260905263981,
      "best_layer": 1,
      "mean": 0.5659994451715964
    },
    "hint->faithcot": {
      "best": 0.5827664399092971,
      "best_layer": 19,
      "mean": 0.48350610085303963
    },
    "faithcot->synthetic": {
      "best": 0.5950292588200029,
      "best_layer": 27,
      "mean": 0.4947728834134235
    },
    "faithcot->hint": {
      "best": 0.671243842364532,
      "best_layer": 0,
      "mean": 0.4861519176636172
    }
  }
}