{
 "model": "qwen",
 "n_layers": 28,
 "nperm": 1000,
 "mean_diff": {
  "hint->ft1v2": {
   "per_layer_cos": [
    0.1331,
    0.094,
    -0.0058,
    -0.0803,
    -0.1739,
    -0.2262,
    -0.2651,
    -0.1527,
    -0.1612,
    -0.1603,
    -0.2121,
    -0.1712,
    -0.1141,
    -0.1003,
    -0.1134,
    -0.0652,
    -0.0402,
    0.0144,
    0.1322,
    0.1937,
    0.1552,
    0.1775,
    0.1314,
    0.1047,
    0.0885,
    0.0689,
    0.0615,
    0.0476
   ],
   "max_abs_cos": 0.2651,
   "max_layer": 6,
   "mean_cos": -0.0228,
   "p_max": 0.5754245754245755,
   "p_mean": 0.5954045954045954,
   "null_max_p95": 0.6831
  },
  "instructed->ft1v2": {
   "per_layer_cos": [
    0.1396,
    0.1416,
    0.0841,
    0.11,
    0.0374,
    0.05,
    0.0618,
    0.0433,
    0.047,
    -0.0032,
    -0.0383,
    -0.0271,
    0.0067,
    -0.0372,
    -0.0613,
    -0.0811,
    -0.0623,
    -0.0582,
    -0.0092,
    0.0292,
    -0.0033,
    0.0477,
    -0.0016,
    0.0385,
    0.0669,
    0.043,
    0.0974,
    0.0478
   ],
   "max_abs_cos": 0.1416,
   "max_layer": 1,
   "mean_cos": 0.0253,
   "p_max": 0.9010989010989011,
   "p_mean": 0.4205794205794206,
   "null_max_p95": 0.6829
  },
  "hint->instructed": {
   "per_layer_cos": [
    0.614,
    0.3843,
    0.4202,
    0.3543,
    0.3365,
    0.2973,
    0.2546,
    0.4064,
    0.418,
    0.4639,
    0.5195,
    0.5417,
    0.5569,
    0.5473,
    0.5635,
    0.5018,
    0.4498,
    0.4042,
    0.4317,
    0.4022,
    0.3576,
    0.2583,
    0.1794,
    0.1704,
    0.1003,
    -0.1433,
    -0.2354,
    -0.2934
   ],
   "max_abs_cos": 0.614,
   "max_layer": 0,
   "mean_cos": 0.3308,
   "p_max": 0.2017982017982018,
   "p_mean": 0.06393606393606394,
   "null_max_p95": 0.756
  },
  "qonly->ft1v2": {
   "per_layer_cos": [
    0.0176,
    0.0067,
    0.0724,
    0.0285,
    0.0183,
    -0.0262,
    -0.0563,
    -0.0521,
    -0.0453,
    -0.0983,
    -0.1274,
    -0.0895,
    -0.0435,
    0.0455,
    0.024,
    0.0094,
    0.0343,
    0.0529,
    0.1685,
    0.1607,
    0.1481,
    0.0687,
    0.0275,
    0.0177,
    0.0217,
    0.0287,
    0.0491,
    -0.0149
   ],
   "max_abs_cos": 0.1685,
   "max_layer": 18,
   "mean_cos": 0.016,
   "p_max": 0.1938061938061938,
   "p_mean": 0.2867132867132867,
   "null_max_p95": 0.2278
  },
  "qonly->hint": {
   "per_layer_cos": [
    0.1663,
    0.1381,
    0.1358,
    0.0789,
    0.08,
    0.0768,
    0.1044,
    0.111,
    0.1275,
    0.1933,
    0.1221,
    0.1176,
    0.1088,
    0.1158,
    0.1348,
    0.169,
    0.2301,
    0.1889,
    0.1945,
    0.1608,
    0.1413,
    0.0512,
    0.043,
    0.0438,
    0.0601,
    0.0282,
    0.0285,
    -0.0396
   ],
   "max_abs_cos": 0.2301,
   "max_layer": 16,
   "mean_cos": 0.1111,
   "p_max": 0.006993006993006993,
   "p_mean": 0.000999000999000999,
   "null_max_p95": 0.1993
  }
 },
 "lr_dirs": {
  "9": {
   "hint->ft1v2": -0.0389,
   "instructed->ft1v2": -0.0368,
   "hint->instructed": 0.0148,
   "qonly->ft1v2": -0.0298,
   "qonly->hint": 0.077
  },
  "17": {
   "hint->ft1v2": 0.0131,
   "instructed->ft1v2": 0.0088,
   "hint->instructed": -0.0425,
   "qonly->ft1v2": 0.0288,
   "qonly->hint": 0.0433
  },
  "25": {
   "hint->ft1v2": -0.0639,
   "instructed->ft1v2": 0.1325,
   "hint->instructed": 0.0715,
   "qonly->ft1v2": -0.024,
   "qonly->hint": 0.0232
  }
 },
 "subspace": {
  "9": {
   "hint->ft1v2": {
    "sim": 0.0067,
    "null_p95": 0.0139,
    "p": 0.8811881188118812
   },
   "instructed->ft1v2": {
    "sim": 0.0087,
    "null_p95": 0.0139,
    "p": 0.5841584158415841
   },
   "hint->instructed": {
    "sim": 0.0443,
    "null_p95": 0.0815,
    "p": 0.7425742574257426
   },
   "qonly->ft1v2": {
    "sim": 0.0052,
    "null_p95": 0.0069,
    "p": 0.3564356435643564
   },
   "qonly->hint": {
    "sim": 0.0078,
    "null_p95": 0.0062,
    "p": 0.019801980198019802
   }
  },
  "17": {
   "hint->ft1v2": {
    "sim": 0.0057,
    "null_p95": 0.0157,
    "p": 0.9900990099009901
   },
   "instructed->ft1v2": {
    "sim": 0.0101,
    "null_p95": 0.016,
    "p": 0.5544554455445545
   },
   "hint->instructed": {
    "sim": 0.0575,
    "null_p95": 0.0739,
    "p": 0.33663366336633666
   },
   "qonly->ft1v2": {
    "sim": 0.0017,
    "null_p95": 0.0053,
    "p": 0.9702970297029703
   },
   "qonly->hint": {
    "sim": 0.005,
    "null_p95": 0.0058,
    "p": 0.1188118811881188
   }
  },
  "25": {
   "hint->ft1v2": {
    "sim": 0.0122,
    "null_p95": 0.019,
    "p": 0.4158415841584158
   },
   "instructed->ft1v2": {
    "sim": 0.0127,
    "null_p95": 0.0197,
    "p": 0.44554455445544555
   },
   "hint->instructed": {
    "sim": 0.0452,
    "null_p95": 0.0832,
    "p": 0.7821782178217822
   },
   "qonly->ft1v2": {
    "sim": 0.0013,
    "null_p95": 0.0027,
    "p": 0.8415841584158416
   },
   "qonly->hint": {
    "sim": 0.0031,
    "null_p95": 0.0027,
    "p": 0.009900990099009901
   }
  }
 }
}