{
 "model": "llama",
 "n_layers": 32,
 "nperm": 1000,
 "mean_diff": {
  "hint->ft1v2": {
   "per_layer_cos": [
    -0.08,
    0.2676,
    0.1234,
    0.0675,
    -0.0033,
    -0.1339,
    -0.2087,
    -0.1597,
    -0.1959,
    -0.2289,
    -0.2372,
    -0.2229,
    -0.1668,
    -0.0719,
    -0.0555,
    -0.12,
    -0.0974,
    -0.098,
    -0.0708,
    -0.0862,
    -0.1129,
    -0.1295,
    -0.1266,
    -0.1419,
    -0.1612,
    -0.166,
    -0.1732,
    -0.1748,
    -0.1638,
    -0.1745,
    -0.1556,
    -0.1988
   ],
   "max_abs_cos": 0.2676,
   "max_layer": 1,
   "mean_cos": -0.1143,
   "p_max": 0.5074925074925075,
   "p_mean": 0.8701298701298701,
   "null_max_p95": 0.5525
  },
  "instructed->ft1v2": {
   "per_layer_cos": [
    -0.1332,
    0.1466,
    0.0655,
    -0.0661,
    -0.2039,
    -0.3518,
    -0.3798,
    -0.402,
    -0.4493,
    -0.4233,
    -0.453,
    -0.4642,
    -0.3442,
    -0.2688,
    -0.1958,
    -0.2978,
    -0.3322,
    -0.3112,
    -0.314,
    -0.3084,
    -0.3396,
    -0.3572,
    -0.3467,
    -0.3606,
    -0.3806,
    -0.3874,
    -0.3964,
    -0.404,
    -0.3962,
    -0.4065,
    -0.4072,
    -0.4171
   ],
   "max_abs_cos": 0.4642,
   "max_layer": 11,
   "mean_cos": -0.3152,
   "p_max": 0.12287712287712288,
   "p_mean": 0.999000999000999,
   "null_max_p95": 0.5292
  },
  "hint->instructed": {
   "per_layer_cos": [
    0.7064,
    0.5997,
    0.6487,
    0.6188,
    0.5744,
    0.5796,
    0.5532,
    0.4744,
    0.4954,
    0.512,
    0.5544,
    0.5667,
    0.6154,
    0.6387,
    0.6162,
    0.638,
    0.6267,
    0.6548,
    0.671,
    0.6891,
    0.6854,
    0.6908,
    0.6895,
    0.6896,
    0.6849,
    0.6881,
    0.6946,
    0.6929,
    0.675,
    0.6828,
    0.6804,
    0.6754
   ],
   "max_abs_cos": 0.7064,
   "max_layer": 0,
   "mean_cos": 0.6332,
   "p_max": 0.015984015984015984,
   "p_mean": 0.000999000999000999,
   "null_max_p95": 0.6082
  },
  "qonly->ft1v2": {
   "per_layer_cos": [
    0.0148,
    -0.0011,
    -0.0112,
    0.0079,
    -0.073,
    -0.0368,
    -0.0723,
    -0.0786,
    -0.0726,
    -0.0498,
    -0.0385,
    -0.0399,
    -0.028,
    -0.0578,
    -0.0505,
    -0.0667,
    -0.0668,
    -0.0452,
    -0.0586,
    -0.0532,
    -0.0344,
    -0.0201,
    -0.0261,
    -0.0153,
    -0.0114,
    -0.0136,
    -0.0104,
    -0.0069,
    0.0066,
    -0.0051,
    -0.0018,
    -0.0086
   ],
   "max_abs_cos": 0.0786,
   "max_layer": 7,
   "mean_cos": -0.032,
   "p_max": 0.5104895104895105,
   "p_mean": 0.951048951048951,
   "null_max_p95": 0.1259
  },
  "qonly->hint": {
   "per_layer_cos": [
    0.0414,
    0.0729,
    0.0986,
    0.1211,
    0.1382,
    0.1696,
    0.1384,
    0.1919,
    0.168,
    0.1889,
    0.2148,
    0.185,
    0.1909,
    0.1945,
    0.1802,
    0.1413,
    0.1439,
    0.143,
    0.146,
    0.1287,
    0.1233,
    0.1031,
    0.0908,
    0.0855,
    0.0727,
    0.064,
    0.0674,
    0.0699,
    0.0624,
    0.0682,
    0.0607,
    0.0548
   ],
   "max_abs_cos": 0.2148,
   "max_layer": 10,
   "mean_cos": 0.1225,
   "p_max": 0.001998001998001998,
   "p_mean": 0.000999000999000999,
   "null_max_p95": 0.147
  }
 },
 "lr_dirs": {
  "9": {
   "hint->ft1v2": 0.001,
   "instructed->ft1v2": -0.0179,
   "hint->instructed": 0.0774,
   "qonly->ft1v2": -0.0078,
   "qonly->hint": 0.0475
  },
  "17": {
   "hint->ft1v2": 0.0707,
   "instructed->ft1v2": 0.0263,
   "hint->instructed": 0.0717,
   "qonly->ft1v2": 0.0103,
   "qonly->hint": 0.043
  },
  "25": {
   "hint->ft1v2": 0.0611,
   "instructed->ft1v2": -0.0068,
   "hint->instructed": 0.037,
   "qonly->ft1v2": -0.0355,
   "qonly->hint": 0.0205
  },
  "29": {
   "hint->ft1v2": 0.0182,
   "instructed->ft1v2": 0.0025,
   "hint->instructed": -0.0285,
   "qonly->ft1v2": -0.0057,
   "qonly->hint": 0.0668
  }
 },
 "subspace": {
  "9": {
   "hint->ft1v2": {
    "sim": 0.0079,
    "null_p95": 0.0186,
    "p": 0.9405940594059405
   },
   "instructed->ft1v2": {
    "sim": 0.012,
    "null_p95": 0.016,
    "p": 0.2376237623762376
   },
   "hint->instructed": {
    "sim": 0.0463,
    "null_p95": 0.0587,
    "p": 0.297029702970297
   },
   "qonly->ft1v2": {
    "sim": 0.0021,
    "null_p95": 0.0046,
    "p": 0.8415841584158416
   },
   "qonly->hint": {
    "sim": 0.0025,
    "null_p95": 0.0062,
    "p": 0.9405940594059405
   }
  },
  "17": {
   "hint->ft1v2": {
    "sim": 0.0051,
    "null_p95": 0.016,
    "p": 1.0
   },
   "instructed->ft1v2": {
    "sim": 0.0128,
    "null_p95": 0.0128,
    "p": 0.04950495049504951
   },
   "hint->instructed": {
    "sim": 0.0304,
    "null_p95": 0.0546,
    "p": 0.6732673267326733
   },
   "qonly->ft1v2": {
    "sim": 0.002,
    "null_p95": 0.0034,
    "p": 0.5742574257425742
   },
   "qonly->hint": {
    "sim": 0.0036,
    "null_p95": 0.0039,
    "p": 0.10891089108910891
   }
  },
  "25": {
   "hint->ft1v2": {
    "sim": 0.0078,
    "null_p95": 0.0146,
    "p": 0.7623762376237624
   },
   "instructed->ft1v2": {
    "sim": 0.0102,
    "null_p95": 0.0127,
    "p": 0.25742574257425743
   },
   "hint->instructed": {
    "sim": 0.0561,
    "null_p95": 0.0591,
    "p": 0.1188118811881188
   },
   "qonly->ft1v2": {
    "sim": 0.0018,
    "null_p95": 0.0024,
    "p": 0.26732673267326734
   },
   "qonly->hint": {
    "sim": 0.0018,
    "null_p95": 0.003,
    "p": 0.7029702970297029
   }
  },
  "29": {
   "hint->ft1v2": {
    "sim": 0.007,
    "null_p95": 0.015,
    "p": 0.8316831683168316
   },
   "instructed->ft1v2": {
    "sim": 0.0065,
    "null_p95": 0.0143,
    "p": 0.9207920792079208
   },
   "hint->instructed": {
    "sim": 0.0375,
    "null_p95": 0.054,
    "p": 0.48514851485148514
   },
   "qonly->ft1v2": {
    "sim": 0.0014,
    "null_p95": 0.0022,
    "p": 0.594059405940594
   },
   "qonly->hint": {
    "sim": 0.0028,
    "null_p95": 0.0031,
    "p": 0.13861386138613863
   }
  }
 }
}