{
  "correct": {
    "pooled": 0.6964842597665304,
    "cluster_ci": [
      0.6157597958985066,
      0.7534260609649347
    ],
    "per_cell": {
      "llama-3.1-8b|truthfulqa": 0.78,
      "Qwen2.5-7B-I|truthfulqa": 0.7291855203619909,
      "llama-3.1-8b|logiqa": 0.7386363636363636,
      "Qwen2.5-7B-I|logiqa": 0.7779850746268657,
      "llama-3.1-8b|aqua": 0.740909090909091,
      "Qwen2.5-7B-I|aqua": 0.5683760683760684,
      "llama-3.1-8b|HLE_BIO": 0.475,
      "Qwen2.5-7B-I|HLE_BIO": 0.4270833333333333
    }
  },
  "soft": {
    "pooled": 0.6510388132664672,
    "cluster_ci": [
      0.5746322893478742,
      0.7283267814321118
    ],
    "per_cell": {
      "llama-3.1-8b|truthfulqa": 0.6625,
      "Qwen2.5-7B-I|truthfulqa": 0.7217194570135747,
      "llama-3.1-8b|logiqa": 0.6732954545454546,
      "Qwen2.5-7B-I|logiqa": 0.8213619402985075,
      "llama-3.1-8b|aqua": 0.6,
      "Qwen2.5-7B-I|aqua": 0.6463675213675214,
      "llama-3.1-8b|HLE_BIO": 0.4075,
      "Qwen2.5-7B-I|HLE_BIO": 0.6276041666666666
    }
  }
}