{
  "faithcot_llama": {
    "n": 144,
    "auroc": 0.4458333333333333
  },
  "faithcot_qwen": {
    "n": 126,
    "auroc": 0.474426807760141
  },
  "instructed_llama": {
    "n": 458,
    "auroc": 0.5015350584466352
  },
  "instructed_qwen": {
    "n": 554,
    "auroc": 0.5644932163849392
  },
  "hint_llama": {
    "n": 613,
    "auroc": 0.6114675423086638
  },
  "hint_qwen": {
    "n": 534,
    "auroc": 0.7507697044334976
  }
}