{"llama": [0.567857142857143, 0.46865079365079365, 0.5257936507936508, 0.5384920634920635, 0.6180555555555556, 0.6676587301587301, 0.5753968253968254, 0.6553571428571429, 0.5676587301587301, 0.594047619047619, 0.5279761904761905, 0.5763888888888888, 0.5658730158730159, 0.6275793650793651, 0.5867063492063492, 0.6625, 0.675595238095238, 0.6521825396825397, 0.691468253968254, 0.6726190476190477, 0.6464285714285715, 0.6412698412698413, 0.6748015873015873, 0.6515873015873016, 0.6906746031746032, 0.6718253968253968, 0.6736111111111112, 0.6791666666666666, 0.6904761904761905, 0.7015873015873016, 0.7005952380952382, 0.6444444444444444], "qwen": [0.48475686570924675, 0.5185185185185185, 0.5197782816830435, 0.5159989921894683, 0.5434618291761149, 0.5502645502645502, 0.5797430083144368, 0.4920634920634921, 0.54522549760645, 0.46888384983623077, 0.5134794658604183, 0.5802469135802469, 0.5507684555303602, 0.562862181909801, 0.5351473922902494, 0.4998740236835475, 0.5258251448727639, 0.5978835978835979, 0.5951121189216428, 0.579994960947342, 0.601914840010078, 0.6064499874023683, 0.6165280927185689, 0.5684051398337112, 0.565129755605946, 0.5525321239606953, 0.545477450239355, 0.5573192239858907]}