{
  "soft_vs_human_all": {
    "n": 634,
    "auroc_raw": 0.6518390079865489,
    "ci": [
      0.6104784177720547,
      0.695207128709127
    ]
  },
  "soft_vs_human_llama-3.1-8b-instruct": {
    "n": 307,
    "auroc_raw": 0.5716039638691572,
    "ci": [
      0.5074518052859578,
      0.6356532547252546
    ]
  },
  "soft_vs_human_Qwen2.5-7B-Instruct": {
    "n": 327,
    "auroc_raw": 0.7134052388289677,
    "ci": [
      0.6559854558402719,
      0.7685318531439613
    ]
  },
  "soft_vs_human_gpt-4o-mini": {
    "n": 0,
    "auroc_raw": NaN,
    "ci": [
      NaN,
      NaN
    ]
  },
  "soft_vs_human_gemini-2.5-flash": {
    "n": 0,
    "auroc_raw": NaN,
    "ci": [
      NaN,
      NaN
    ]
  },
  "soft_vs_ft34_all": {
    "n": 363,
    "auroc_raw": 0.6667445992705509,
    "ci": [
      0.5923109829525809,
      0.7360210263313243
    ]
  },
  "soft_vs_ft34_llama-3.1-8b-instruct": {
    "n": 163,
    "auroc_raw": 0.62914093206064,
    "ci": [
      0.509010918621927,
      0.7394862436833239
    ]
  },
  "soft_vs_ft34_Qwen2.5-7B-Instruct": {
    "n": 200,
    "auroc_raw": 0.713952850877193,
    "ci": [
      0.6265800087932015,
      0.7907520227032806
    ]
  }
}