{
  "instructed_qwen": {
    "grouped_nested_auroc": 0.7724914965986394,
    "std": 0.030568584621565444,
    "picked_layers": [
      12,
      12,
      12,
      6,
      6,
      12,
      10,
      10,
      10,
      12
    ]
  },
  "instructed_gemma4": {
    "grouped_nested_auroc": 0.7856,
    "std": 0.02212644247930794,
    "picked_layers": [
      14,
      26,
      24,
      26,
      24,
      26,
      22,
      22,
      24,
      24
    ]
  },
  "instructed_llama": {
    "grouped_nested_auroc": 0.7566057550934678,
    "std": 0.03783352252949231,
    "picked_layers": [
      8,
      10,
      6,
      12,
      10,
      8,
      10,
      10,
      10,
      6
    ]
  },
  "instructed_qwen3": {
    "grouped_nested_auroc": 0.725311498754005,
    "std": 0.042245857677546544,
    "picked_layers": [
      16,
      2,
      10,
      26,
      32,
      10,
      4,
      14,
      10,
      32
    ]
  },
  "instructed_deepseek": {
    "grouped_nested_auroc": 0.6745325484764542,
    "std": 0.026118048302477465,
    "picked_layers": [
      12,
      10,
      14,
      14,
      14,
      12,
      8,
      14,
      8,
      8
    ]
  },
  "instructed_gemma": {
    "grouped_nested_auroc": 0.7021767686245074,
    "std": 0.01654844755081362,
    "picked_layers": [
      4,
      4,
      4,
      4,
      4,
      4,
      4,
      4,
      4,
      4
    ]
  },
  "instructed_dsr0528": {
    "grouped_nested_auroc": 0.62704,
    "std": 0.05418049833657864,
    "picked_layers": [
      28,
      12,
      20,
      20,
      24,
      32,
      26,
      24,
      30,
      10
    ]
  },
  "faithcot_llama": {
    "nested_auroc": 0.6662393162393162,
    "std": 0.07637028343141428,
    "picked_layers": [
      18,
      16,
      14,
      6,
      4,
      8,
      14,
      12,
      22,
      12,
      26,
      20,
      20,
      8,
      20,
      18,
      8,
      18,
      24,
      14,
      8,
      26,
      8,
      18,
      30
    ]
  },
  "faithcot_qwen": {
    "nested_auroc": 0.554404432132964,
    "std": 0.08143622202488761,
    "picked_layers": [
      18,
      22,
      18,
      22,
      20,
      18,
      8,
      22,
      22,
      10,
      22,
      0,
      20,
      24,
      12,
      12,
      6,
      22,
      22,
      14,
      18,
      8,
      22,
      18,
      6
    ]
  }
}