{
 "model": "llama",
 "nperm": 1000,
 "n_src": 514,
 "src_pos": 231,
 "ft12_all": {
  "n_target": 144,
  "pos": 84,
  "mean": 0.4689112103174603,
  "p_mean": 0.6873126873126874,
  "best": 0.6242063492063492,
  "best_layer": 10,
  "p_best": 0.4025974025974026
 },
 "ft12_logiqa": {
  "n_target": 46,
  "pos": 23,
  "mean": 0.4289933837429112,
  "p_mean": 0.932067932067932,
  "best": 0.5406427221172022,
  "best_layer": 12,
  "p_best": 0.9430569430569431
 },
 "ft12_other": {
  "n_target": 98,
  "pos": 61,
  "mean": 0.4913740584847142,
  "p_mean": 0.5614385614385614,
  "best": 0.669029685423128,
  "best_layer": 10,
  "p_best": 0.2947052947052947
 }
}