{
 "model": "qwen",
 "nperm": 1000,
 "n_src": 429,
 "src_pos": 129,
 "ft12_all": {
  "n_target": 126,
  "pos": 63,
  "mean": 0.5527390850520102,
  "p_mean": 0.04595404595404595,
  "best": 0.6676744771982868,
  "best_layer": 18,
  "p_best": 0.008991008991008992
 },
 "ft12_logiqa": {
  "n_target": 37,
  "pos": 18,
  "mean": 0.5992063492063492,
  "p_mean": 0.015984015984015984,
  "best": 0.695906432748538,
  "best_layer": 18,
  "p_best": 0.1968031968031968
 },
 "ft12_other": {
  "n_target": 89,
  "pos": 45,
  "mean": 0.5350649350649351,
  "p_mean": 0.17582417582417584,
  "best": 0.6540404040404041,
  "best_layer": 18,
  "p_best": 0.11888111888111888
 }
}