{
  "llama": {
    "n": 181,
    "soft_intended_auroc": 0.38885613207547176,
    "ci": [
      0.30144558887051853,
      0.48054470178611375
    ]
  },
  "qwen": {
    "n": 186,
    "soft_intended_auroc": 0.25055432372505543,
    "ci": [
      0.16588211274010423,
      0.3495700773411371
    ]
  }
}