{
  "model": "llama",
  "qonly_best_layer": 12,
  "qonly_best_cv": 0.645882798686537,
  "qonly_mean_cv": 0.619272543571609,
  "per_layer": [
    0.5745516544581964,
    0.5812578934074262,
    0.5986739075524122,
    0.5795150290477393,
    0.5875221015407933,
    0.5790098509724677,
    0.6172644607224046,
    0.630247537256883,
    0.610318262187421,
    0.6157362970447082,
    0.6108865875221015,
    0.6230740085880273,
    0.645882798686537,
    0.6402753220510231,
    0.6223036120232383,
    0.6240969941904522,
    0.6263829249810557,
    0.6280121242738065,
    0.6301338721899469,
    0.6272038393533721,
    0.6224551654458197,
    0.6307906036877999,
    0.6382167213942914,
    0.629300328365749,
    0.6294897701439758,
    0.6327355392775953,
    0.6274185400353625,
    0.6313715584743622,
    0.6372947714069209,
    0.6292245516544581,
    0.6351603940388987,
    0.6209143723162416
  ]
}