{
  "model": "qwen",
  "qonly_transfer_mean": 0.5031044163697225,
  "qonly_transfer_best": 0.6301335348954397,
  "best_layer": 7,
  "p_mean": 0.48502994011976047,
  "p_best": 0.13972055888223553
}