{
  "model": "qwen",
  "qonly_best_layer": 27,
  "qonly_best_cv": 0.6641933497536946,
  "qonly_mean_cv": 0.6000307881773399,
  "per_layer": [
    0.5959975369458128,
    0.5888854679802955,
    0.5849137931034483,
    0.5689347290640394,
    0.5795874384236452,
    0.578756157635468,
    0.5420258620689655,
    0.580972906403941,
    0.49633620689655167,
    0.5329741379310344,
    0.5435036945812808,
    0.5581896551724138,
    0.5336822660098521,
    0.5537253694581281,
    0.5473522167487685,
    0.5928263546798029,
    0.6282943349753695,
    0.651262315270936,
    0.6616995073891625,
    0.657850985221675,
    0.6527093596059114,
    0.6382389162561576,
    0.6489532019704434,
    0.649076354679803,
    0.6584975369458129,
    0.6498768472906403,
    0.6615455665024631,
    0.6641933497536946
  ]
}