{
  "model": "llama",
  "ft12_to_ft34": {
    "mean": 0.5223189219539585,
    "p_mean": 0.46107784431137727,
    "best": 0.6218416619876475,
    "best_layer": 13,
    "p_best": 0.4491017964071856
  },
  "ft34_to_ft12": {
    "mean": 0.5286551339285714,
    "p_mean": 0.562874251497006,
    "best": 0.6890873015873016,
    "best_layer": 7,
    "p_best": 0.029940119760479042
  },
  "hint_to_ft34": {
    "mean": 0.5548673498034813,
    "p_mean": 0.10778443113772455,
    "best": 0.6339135317237506,
    "best_layer": 12,
    "p_best": 0.36726546906187624
  },
  "instructed_to_ft34": {
    "mean": 0.5569378158338012,
    "p_mean": 0.1157684630738523,
    "best": 0.6398090960134756,
    "best_layer": 19,
    "p_best": 0.3093812375249501
  }
}