{
  "model": "qwen",
  "ft12_to_ft34": {
    "mean": 0.5743558114035087,
    "p_mean": 0.14570858283433133,
    "best": 0.6521381578947368,
    "best_layer": 18,
    "p_best": 0.17365269461077845
  },
  "ft34_to_ft12": {
    "mean": 0.5455314400892632,
    "p_mean": 0.18962075848303392,
    "best": 0.6208112874779541,
    "best_layer": 18,
    "p_best": 0.1936127744510978
  },
  "hint_to_ft34": {
    "mean": 0.42460643796992487,
    "p_mean": 0.9301397205588823,
    "best": 0.5609923245614035,
    "best_layer": 23,
    "p_best": 0.9401197604790419
  },
  "instructed_to_ft34": {
    "mean": 0.5168193922305765,
    "p_mean": 0.36726546906187624,
    "best": 0.701891447368421,
    "best_layer": 26,
    "p_best": 0.06187624750499002
  }
}