{"n": 30, "pearson": 0.7109550687721906, "spearman": 0.8220244716351501}