{
  "model": "llama",
  "tag": "hintBc",
  "n": 613,
  "n_posthoc": 179,
  "wb_best_layer": 29,
  "wb_cv_auroc": 0.7848132224596452,
  "wb_heldout_auroc": 0.7314814814814815,
  "wb_perm_obs": 0.7791622686198284,
  "wb_perm_p": 0.000999000999000999,
  "black_box": {
    "soft_auroc_intended": 0.3904931862426995,
    "soft_auroc_inverted": 0.6095068137573004,
    "surface_auroc": 0.7027649769585254
  },
  "transfer_cross_dataset": {
    "aquarat->gsm8k": 0.68734335839599,
    "gsm8k->aquarat": 0.7169046073977937
  },
  "transfer_bridge": {
    "faithcot->synth": 0.5141209484334371,
    "synth->faithcot": 0.4242063492063492,
    "faithcot_n": 144,
    "layer": 30
  },
  "per_layer_cv_auroc": [
    0.6974358314239373,
    0.7163967767680149,
    0.7308009165100532,
    0.7339932548979226,
    0.7526452642689804,
    0.7643462142470973,
    0.7732538681358289,
    0.7590556857091368,
    0.760626110238653,
    0.771619081945267,
    0.7782097160363515,
    0.7847359884663904,
    0.7797415235692403,
    0.7654274901526659,
    0.7536106891846664,
    0.7582576011121696,
    0.7593646216821563,
    0.7507144144376078,
    0.7592487706922741,
    0.7591457920346008,
    0.759081430373555,
    0.7526581366011894,
    0.7564426022706794,
    0.7548335607445358,
    0.7578199418170584,
    0.7667919573668357,
    0.771374507633293,
    0.7634837679890842,
    0.7752104626316196,
    0.7848132224596452,
    0.7714259969621294,
    0.7723270602167701
  ]
}