{
  "model": "qwen",
  "tag": "hintL",
  "n": 429,
  "n_posthoc": 129,
  "wb_best_layer": 19,
  "wb_cv_auroc": 0.7799741602067183,
  "wb_heldout_auroc": 0.7925925925925926,
  "wb_perm_obs": 0.7687080103359174,
  "wb_perm_p": 0.000999000999000999,
  "black_box": {
    "surface_auroc": 0.6067183462532301
  },
  "transfer_cross_dataset": {},
  "transfer_bridge": {
    "faithcot->synth": 0.5881912144702843,
    "synth->faithcot": 0.5888133030990174,
    "faithcot_n": 126,
    "layer": 20
  },
  "per_layer_cv_auroc": [
    0.5844186046511628,
    0.6199224806201551,
    0.6283462532299741,
    0.6290697674418605,
    0.6499224806201549,
    0.6992764857881136,
    0.7042894056847546,
    0.7143669250645995,
    0.738656330749354,
    0.7498191214470284,
    0.7282687338501291,
    0.712532299741602,
    0.7303100775193798,
    0.7219638242894058,
    0.731705426356589,
    0.746925064599483,
    0.7581136950904392,
    0.740516795865633,
    0.7766408268733851,
    0.7799741602067183,
    0.7439018087855297,
    0.7493798449612403,
    0.7349612403100775,
    0.7386821705426359,
    0.7319638242894058,
    0.7328682170542637,
    0.7387855297157624,
    0.703669250645995
  ]
}