{
  "model": "llama",
  "n": 458,
  "n_posthoc": 229,
  "wb_best_layer": 9,
  "wb_cv_auroc": 0.7698365782498426,
  "wb_heldout_auroc": 0.7391304347826086,
  "wb_perm_obs": 0.7574607654316279,
  "wb_perm_p": 0.004975124378109453,
  "black_box": {
    "surface_auroc": 0.6386605899963769
  },
  "transfer_cross_dataset": {
    "aqua->gsm8k": 0.6610871483187923,
    "gsm8k->aqua": 0.7283950617283951
  },
  "transfer_bridge": {
    "faithcot->synth": 0.4601742911081024,
    "synth->faithcot": 0.3910714285714286,
    "faithcot_n": 144,
    "layer": 10
  },
  "per_layer_cv_auroc": [
    0.47070040617074427,
    0.6415590854484087,
    0.6812799145706603,
    0.6919967201235675,
    0.7378959211304132,
    0.7421292500143017,
    0.7186171125645964,
    0.7420529738181958,
    0.7464197860452699,
    0.7698365782498426,
    0.7541046128029595,
    0.7435975667893442,
    0.7356076352472303,
    0.7342346637173205,
    0.7306115444022807,
    0.7090253809042543,
    0.6984039205964798,
    0.7070994069525753,
    0.7029804923628459,
    0.7023130756469175,
    0.6993764420968326,
    0.6971072252626762,
    0.6825956789534906,
    0.6832249575713658,
    0.6840449266795064,
    0.6878587364848114,
    0.690089815220915,
    0.6894986747010927,
    0.6797162525504854,
    0.6887740508380847,
    0.6788581453442918,
    0.6640033561526286
  ]
}