{
  "model": "gemma4",
  "n": 496,
  "n_posthoc": 248,
  "wb_best_layer": 23,
  "wb_cv_auroc": 0.7756080905306972,
  "wb_heldout_auroc": 0.7965765765765765,
  "wb_perm_obs": 0.7721286420395421,
  "wb_perm_p": 0.004975124378109453,
  "black_box": {
    "surface_auroc": 0.6653388397502602
  },
  "transfer_cross_dataset": {
    "aqua->gsm8k": 0.6508693111257213,
    "gsm8k->aqua": 0.5408163265306123
  },
  "transfer_bridge": {},
  "per_layer_cv_auroc": [
    0.519559703433923,
    0.5181289021852238,
    0.5812142299687826,
    0.6244797086368367,
    0.6427549427679501,
    0.6143990634755463,
    0.6409014047866806,
    0.6121553069719043,
    0.6052614464099896,
    0.5907745837669094,
    0.6100904006243496,
    0.6548191987513008,
    0.6194719042663892,
    0.6292761446409989,
    0.7679012747138398,
    0.7165875390218523,
    0.7234976586888657,
    0.6964912851196671,
    0.6789477107180021,
    0.6945727107180022,
    0.6883942507804369,
    0.7588286940686785,
    0.7636576482830386,
    0.7756080905306972,
    0.7666981009365245,
    0.7647795265348594,
    0.7447645681581685,
    0.7416428199791884,
    0.7421631113423517,
    0.7233025494276795,
    0.7207498699271592,
    0.7076125130072841,
    0.6310158688865765,
    0.6287558532778357,
    0.6114236472424558,
    0.6123829344432883,
    0.6033103537981269,
    0.5893925598335068,
    0.6004812695109261,
    0.588124349635796,
    0.5999772372528617,
    0.5801899063475546,
    0.5800923517169615,
    0.5872300988553589,
    0.5817832986472424,
    0.5579474505723205,
    0.537656087408949,
    0.5164867325702394
  ]
}