{
  "model": "qwen3",
  "n": 350,
  "n_posthoc": 175,
  "wb_best_layer": 10,
  "wb_cv_auroc": 0.7131755102040817,
  "wb_heldout_auroc": 0.7158925979680698,
  "wb_perm_obs": 0.7005714285714287,
  "wb_perm_p": 0.004975124378109453,
  "black_box": {
    "surface_auroc": 0.5346938775510205
  },
  "transfer_cross_dataset": {
    "aqua->gsm8k": 0.6149563820018366,
    "gsm8k->aqua": 0.5630070308274743
  },
  "transfer_bridge": {},
  "per_layer_cv_auroc": [
    0.6402612244897959,
    0.6077061224489796,
    0.6565224489795919,
    0.6764734693877551,
    0.6669061224489796,
    0.6392489795918368,
    0.6515428571428572,
    0.6556408163265307,
    0.6558367346938776,
    0.6799999999999999,
    0.7131755102040817,
    0.6968816326530614,
    0.6589387755102042,
    0.6474775510204082,
    0.6575020408163266,
    0.6471836734693879,
    0.6658285714285714,
    0.6172734693877551,
    0.6144000000000001,
    0.6101551020408164,
    0.6150857142857142,
    0.5997714285714286,
    0.6075428571428572,
    0.611265306122449,
    0.6421551020408163,
    0.6369959183673468,
    0.6328163265306123,
    0.6262204081632652,
    0.6311836734693878,
    0.6442122448979591,
    0.6601795918367347,
    0.6490122448979592,
    0.6552489795918367,
    0.6579265306122449,
    0.6495020408163265,
    0.6246857142857143
  ]
}