{
  "model": "deepseek",
  "n": 502,
  "n_posthoc": 251,
  "wb_best_layer": 7,
  "wb_cv_auroc": 0.6448469071919494,
  "wb_heldout_auroc": 0.6173684210526317,
  "wb_perm_obs": 0.6526086887509722,
  "wb_perm_p": 0.004975124378109453,
  "black_box": {
    "surface_auroc": 0.5339280328883669
  },
  "transfer_cross_dataset": {
    "aqua->gsm8k": 0.5621208305670657,
    "gsm8k->aqua": 0.5226757369614512
  },
  "transfer_bridge": {},
  "per_layer_cv_auroc": [
    0.5616418787003381,
    0.5589276360692688,
    0.5645942127902731,
    0.5827367819558419,
    0.6000380946334185,
    0.6086887509722068,
    0.6278947953207092,
    0.6448469071919494,
    0.6399263503753909,
    0.6344343740575547,
    0.6137204171362359,
    0.6233234393104872,
    0.6258154632466151,
    0.6348153203917398,
    0.6323867875113093,
    0.6227044015174362,
    0.6239583498674625,
    0.6154981666957666,
    0.5768638593038206,
    0.5774035332772496,
    0.5750861097442898,
    0.5890541419977461,
    0.6067205282455834,
    0.5796415929905875,
    0.5727210679195568,
    0.5800542848526213,
    0.5764035491500135,
    0.5581181251091252
  ]
}