{
  "model": "llama",
  "tag": "hint",
  "n": 613,
  "n_posthoc": 185,
  "wb_best_layer": 17,
  "wb_cv_auroc": 0.7327986865370043,
  "wb_heldout_auroc": 0.7515345982142857,
  "wb_perm_obs": 0.7319146249052791,
  "wb_perm_p": 0.000999000999000999,
  "black_box": {
    "soft_auroc_intended": 0.38885613207547176,
    "soft_auroc_inverted": 0.6111438679245284,
    "surface_auroc": 0.6259787825208386
  },
  "transfer_cross_dataset": {
    "aquarat->gsm8k": 0.6179040404040406,
    "gsm8k->aquarat": 0.6584610849056604
  },
  "transfer_bridge": {
    "faithcot->synth": 0.5079060368779995,
    "synth->faithcot": 0.6390873015873015,
    "faithcot_n": 144,
    "layer": 18
  },
  "per_layer_cv_auroc": [
    0.6404142460217228,
    0.6536499115938368,
    0.662111644354635,
    0.668489517554938,
    0.6691209901490275,
    0.7009345794392524,
    0.7009093205354887,
    0.6929148774943168,
    0.7179843394796666,
    0.7172518312705229,
    0.71694872442536,
    0.7175801970194493,
    0.7274311694872443,
    0.7264081838848195,
    0.7278732003031068,
    0.7320661783278606,
    0.7304117201313463,
    0.7327986865370043,
    0.7281131598888609,
    0.7189568072745642,
    0.717428643596868,
    0.7180853750947209,
    0.7166835059358424,
    0.7174160141449861,
    0.7150290477393282,
    0.7132861833796413,
    0.7108865875221017,
    0.707514523869664,
    0.7167340237433695,
    0.7121495327102805,
    0.7076787067441275,
    0.7105203334175297
  ]
}