{
  "model": "qwen",
  "n": 554,
  "n_posthoc": 277,
  "wb_best_layer": 10,
  "wb_cv_auroc": 0.7577578229873972,
  "wb_heldout_auroc": 0.8088066551921973,
  "wb_perm_obs": 0.749286449712625,
  "wb_perm_p": 0.004975124378109453,
  "black_box": {
    "surface_auroc": 0.5452175839643421
  },
  "transfer_cross_dataset": {
    "aqua->gsm8k": 0.7191807003758841,
    "gsm8k->aqua": 0.7208333333333333
  },
  "transfer_bridge": {
    "faithcot->synth": 0.4404332129963898,
    "synth->faithcot": 0.5487528344671201,
    "faithcot_n": 126,
    "layer": 11
  },
  "per_layer_cv_auroc": [
    0.6333459317858958,
    0.6949784305803542,
    0.6954215485670345,
    0.7057826897261792,
    0.7111913357400723,
    0.7351457727847358,
    0.7552815754147714,
    0.7310925464948064,
    0.7443209216854122,
    0.7444903491509078,
    0.7577578229873972,
    0.7572886392367943,
    0.7422356605716222,
    0.734676589034133,
    0.7222301867611984,
    0.7230512583247533,
    0.7197409063066116,
    0.7133156954997458,
    0.7165348173441592,
    0.7013124112134916,
    0.719362952729737,
    0.7198191035983786,
    0.7199494324179905,
    0.718450650992454,
    0.7124685581722687,
    0.7118560127200928,
    0.7055089992049941,
    0.7081807400070377
  ]
}