{
  "model": "llama",
  "tag": "hintB",
  "n": 617,
  "n_posthoc": 183,
  "wb_best_layer": 12,
  "wb_cv_auroc": 0.7919216338042355,
  "wb_heldout_auroc": 0.797501734906315,
  "wb_perm_obs": 0.7887487094255999,
  "wb_perm_p": 0.000999000999000999,
  "black_box": {
    "soft_auroc_intended": 0.3904931862426995,
    "soft_auroc_inverted": 0.6095068137573004,
    "surface_auroc": 0.7040996197527134
  },
  "transfer_cross_dataset": {
    "aquarat->gsm8k": 0.6840632603406326,
    "gsm8k->aquarat": 0.7023036988968202
  },
  "transfer_bridge": {
    "faithcot->synth": 0.4471808818715217,
    "synth->faithcot": 0.5251984126984127,
    "faithcot_n": 144,
    "layer": 13
  },
  "per_layer_cv_auroc": [
    0.7303266097554835,
    0.7077510009820958,
    0.7397446551333384,
    0.7429679433909999,
    0.7458890483745058,
    0.7690564327264486,
    0.7806401249024199,
    0.7750749162700512,
    0.7710080330387047,
    0.7732995895343858,
    0.7721286293470323,
    0.7737276825061066,
    0.7919216338042355,
    0.7810933998136536,
    0.7800357583541083,
    0.7792047543501801,
    0.777945657374531,
    0.7649517765858326,
    0.773815819294402,
    0.7798091208984915,
    0.781231900480975,
    0.7700511193372115,
    0.7707058497645488,
    0.769220115333283,
    0.7660345999848909,
    0.7735262269900027,
    0.7740802296592884,
    0.7756666918486061,
    0.7849588275288963,
    0.7856513308655032,
    0.7882072977260708,
    0.775175644028103
  ]
}