{
  "model": "qwen",
  "tag": "hint",
  "n": 534,
  "n_posthoc": 70,
  "wb_best_layer": 21,
  "wb_cv_auroc": 0.8322660098522168,
  "wb_heldout_auroc": 0.8353741496598639,
  "wb_perm_obs": 0.8206280788177339,
  "wb_perm_p": 0.004975124378109453,
  "black_box": {
    "soft_auroc_intended": 0.25055432372505543,
    "soft_auroc_inverted": 0.7494456762749446,
    "surface_auroc": 0.7028017241379311
  },
  "transfer_cross_dataset": {
    "aquarat->gsm8k": 0.6845138888888889,
    "gsm8k->aquarat": 0.8519955654101996
  },
  "transfer_bridge": {
    "faithcot->synth": 0.5811884236453202,
    "synth->faithcot": 0.5149911816578483,
    "faithcot_n": 126,
    "layer": 22
  },
  "per_layer_cv_auroc": [
    0.772783251231527,
    0.7777093596059114,
    0.7519088669950739,
    0.7683805418719212,
    0.7545874384236453,
    0.7914408866995075,
    0.7790332512315271,
    0.7748768472906404,
    0.7616379310344829,
    0.7700123152709359,
    0.7586514778325124,
    0.7751539408866995,
    0.7673029556650247,
    0.7867302955665025,
    0.8124692118226601,
    0.8141317733990148,
    0.8181650246305419,
    0.8165332512315271,
    0.8111145320197045,
    0.7890701970443349,
    0.7986145320197044,
    0.8322660098522168,
    0.8142857142857143,
    0.8273706896551724,
    0.8140394088669952,
    0.8131157635467979,
    0.8084975369458128,
    0.7878694581280788
  ]
}