{
  "model": "dsr0528",
  "n": 162,
  "n_posthoc": 81,
  "wb_best_layer": 22,
  "wb_cv_auroc": 0.6747447035512878,
  "wb_heldout_auroc": 0.5583333333333333,
  "wb_perm_obs": 0.6875476299344613,
  "wb_perm_p": 0.024875621890547265,
  "black_box": {
    "surface_auroc": 0.4730224051211705
  },
  "transfer_cross_dataset": {},
  "transfer_bridge": {},
  "per_layer_cv_auroc": [
    0.38911751257430266,
    0.42356348117664994,
    0.47309861301630846,
    0.4409388812680994,
    0.44109129705837524,
    0.4415485444292029,
    0.5192805974698979,
    0.48452979728699896,
    0.4715744551135498,
    0.4692882182594117,
    0.44840725499161715,
    0.44581618655692723,
    0.49001676573693037,
    0.503734186861759,
    0.5698826398414876,
    0.5771985977747295,
    0.5212620027434842,
    0.535741502819692,
    0.5442767870751409,
    0.6247523243408016,
    0.6093583295229386,
    0.66026520347508,
    0.6747447035512878,
    0.6598079561042525,
    0.6488340192043895,
    0.6406035665294924,
    0.6082914189910074,
    0.5653101661332114,
    0.5698826398414875,
    0.5503734186861758,
    0.5823807346441091,
    0.5834476451760403,
    0.5486968449931413,
    0.5366559975613474,
    0.5259868922420362,
    0.5822283188538334
  ]
}