{
  "model": "qwen",
  "tag": "hintB",
  "n": 574,
  "n_posthoc": 104,
  "wb_best_layer": 13,
  "wb_cv_auroc": 0.7981382978723404,
  "wb_heldout_auroc": 0.8243980009086779,
  "wb_perm_obs": 0.7935351882160394,
  "wb_perm_p": 0.000999000999000999,
  "black_box": {
    "soft_auroc_intended": 0.2699346405228758,
    "soft_auroc_inverted": 0.7300653594771243,
    "surface_auroc": 0.7022504091653028
  },
  "transfer_cross_dataset": {
    "aquarat->gsm8k": 0.6124675324675325,
    "gsm8k->aquarat": 0.7577342047930283
  },
  "transfer_bridge": {
    "faithcot->synth": 0.4996726677577742,
    "synth->faithcot": 0.4955908289241623,
    "faithcot_n": 126,
    "layer": 14
  },
  "per_layer_cv_auroc": [
    0.7083265139116203,
    0.7135024549918169,
    0.7288461538461538,
    0.7549509001636661,
    0.7590425531914894,
    0.7657937806873978,
    0.7522299509001636,
    0.757937806873977,
    0.7492430441898528,
    0.7726472995090017,
    0.7787438625204584,
    0.7635229132569558,
    0.7761661211129296,
    0.7981382978723404,
    0.7874386252045826,
    0.7679828150572832,
    0.7824672667757774,
    0.7832242225859247,
    0.7872749590834698,
    0.7863543371522096,
    0.782058101472995,
    0.7840834697217676,
    0.7781096563011458,
    0.7786006546644845,
    0.7696603927986907,
    0.7789279869067103,
    0.7656301145662847,
    0.7719108019639934
  ]
}