{
  "model": "llama",
  "tag": "hintL",
  "n": 514,
  "n_posthoc": 231,
  "wb_best_layer": 13,
  "wb_cv_auroc": 0.6454193627338503,
  "wb_heldout_auroc": 0.672436974789916,
  "wb_perm_obs": 0.6637755648356354,
  "wb_perm_p": 0.000999000999000999,
  "black_box": {
    "surface_auroc": 0.5471754394015877
  },
  "transfer_cross_dataset": {},
  "transfer_bridge": {
    "faithcot->synth": 0.5309072552888807,
    "synth->faithcot": 0.5902777777777778,
    "faithcot_n": 144,
    "layer": 14
  },
  "per_layer_cv_auroc": [
    0.5858840805837273,
    0.5736160188457008,
    0.5780826946904686,
    0.5863735793064415,
    0.6070701971762043,
    0.6050204212748382,
    0.5925229070105396,
    0.5939149190032583,
    0.6107720312667309,
    0.6363024490232972,
    0.6324935370871767,
    0.6194453367598244,
    0.6384440059351719,
    0.6454193627338503,
    0.6329983326449757,
    0.6403867039909443,
    0.6328147706239579,
    0.6282563137686812,
    0.6197971639667753,
    0.621877533538311,
    0.6236519664081501,
    0.6134948679118291,
    0.6099918926774051,
    0.6198889449772842,
    0.6066877762990837,
    0.5985192663637894,
    0.5923852354947761,
    0.6106037660807978,
    0.600263105563459,
    0.6071160876814587,
    0.5963165221115752,
    0.5914215348844325
  ]
}