{
  "model": "gemma",
  "n": 486,
  "n_posthoc": 243,
  "wb_best_layer": 5,
  "wb_cv_auroc": 0.5864620908059408,
  "wb_heldout_auroc": 0.599924939012948,
  "wb_perm_obs": 0.6132533997188776,
  "wb_perm_p": 0.01990049751243781,
  "black_box": {
    "surface_auroc": 0.5478246879710071
  },
  "transfer_cross_dataset": {
    "aqua->gsm8k": 0.5327066115702479,
    "gsm8k->aqua": 0.5954631379962193
  },
  "transfer_bridge": {},
  "per_layer_cv_auroc": [
    0.47054141475723554,
    0.4848346288675507,
    0.4837169130721942,
    0.44583312164473576,
    0.5628545784009891,
    0.5864620908059408,
    0.5269521922471169,
    0.5623973310301614,
    0.4830056393842402,
    0.4797032972615963,
    0.45274263747057536,
    0.45054107605547933,
    0.4363664075598232,
    0.38911751257430266,
    0.3341292824603296,
    0.33158901928906503,
    0.32784636488340196,
    0.3473047807752883,
    0.3237988788971871,
    0.32720283154668156,
    0.2922149401344646,
    0.29697369980863353,
    0.3155345560466731,
    0.308997612152619,
    0.332334163152636,
    0.3263222069806432,
    0.3137733069145964,
    0.30623719283984485,
    0.3128588121729411,
    0.3082863384646649,
    0.3204796016867347,
    0.33373977544073563,
    0.32959067892767024,
    0.3413944351301461,
    0.3456451421700621,
    0.3316736947281072,
    0.3111314332164813,
    0.32493352978035195,
    0.31931108062795305,
    0.3102000033870176,
    0.2969398296330166,
    0.2948568138325797
  ]
}